{"docstore/metadata": {"79d2ba5d-8610-41bf-b741-29d783342e71": {"doc_hash": "296663bc0c80a6f1ab367e85c513cebec25d8e6e217622b460416a5b9ea9db47"}, "5810b4ec-d3c0-4d09-9563-a2f573c1af3e": {"doc_hash": "d962c7f27d3f50220cc6cbb03344552c19a9d33bc6f2343a5d28299454602232"}, "b8006404-4998-48d1-87a1-c2e9f5e7786f": {"doc_hash": "9838d90fa47514a17462ff7c0d799c6c4170b1bd82f47f9bc0ba171bf7b6c95b"}, "b10a4d11-ba8e-4c5a-8daf-1fa43857e9e5": {"doc_hash": "23396101dd8045ca407be765677f359731da601a280b25b840ebeab98d4039d4"}, "0e16b80a-d36f-4032-afb7-6e14aa5752ed": {"doc_hash": "9349d46c4e765a337053d812e5869eca2b7cf633b174aa6e6d2f9b61f8656d17"}, "f31ac4d2-926a-452c-a65e-3ae7ed97db2d": {"doc_hash": "6996422ed4a7d7710affe3fad97616678c7891ba86cd39a052c13b11e22e1b5f"}, "4bc6d21a-55ed-4ddf-af93-802fcaf5ccff": {"doc_hash": "fd2e9d792b6974b1ad9249573d731d4a0084f9d9031b848b0c0afa55b3b0b634", "ref_doc_id": "79d2ba5d-8610-41bf-b741-29d783342e71"}, "6c1452ca-8d44-4630-8c07-94f0cfdbb1a2": {"doc_hash": "c7c5ebcd82cb27472c7ae14ca37c09953ae065bfc699d4aa776084e505088216", "ref_doc_id": "5810b4ec-d3c0-4d09-9563-a2f573c1af3e"}, "9076377a-f487-47aa-8358-c2d997e02097": {"doc_hash": "02b7983b2f212872f4312ff32235d64a59c45e59a9277fc8cf154930adcc74af", "ref_doc_id": "b8006404-4998-48d1-87a1-c2e9f5e7786f"}, "86219246-4de8-4aa6-9bf8-dd3d42995500": {"doc_hash": "1ed597d20332eab877a1be84cd727ba1fc3111845df2b2e2c1da30e0d3223904", "ref_doc_id": "b10a4d11-ba8e-4c5a-8daf-1fa43857e9e5"}, "0806e9e2-6fb1-4847-a9b5-62fbbf5ea2bc": {"doc_hash": "9b18916f42eebe4250d801ddc37703d8e43bee6ace5126a0e8c1e4d0caa9cc07", "ref_doc_id": "0e16b80a-d36f-4032-afb7-6e14aa5752ed"}, "51cd205f-5ee1-403f-af8a-a52ce2f7cf52": {"doc_hash": "06355c80d3cc7cd862a1902b30eee46b83a15208d1e1f6435a527c901c6974ec", "ref_doc_id": "f31ac4d2-926a-452c-a65e-3ae7ed97db2d"}, "f19af7df-8163-4a0a-9f37-0902792388f1": {"doc_hash": "7d56d89a8585fc81363432e8d29b785b4f198cab352a8bde075750b1bd584cda", "ref_doc_id": "f31ac4d2-926a-452c-a65e-3ae7ed97db2d"}, "389b100b-bce2-4a13-afa7-2fe824c5a11f": {"doc_hash": "1d4a386cc6885b8c4509d7fb6a5b54006a64f1b07f23a718bc3a9c7e5ff73660", "ref_doc_id": "f31ac4d2-926a-452c-a65e-3ae7ed97db2d"}}, "docstore/data": {"4bc6d21a-55ed-4ddf-af93-802fcaf5ccff": {"__data__": {"id_": "4bc6d21a-55ed-4ddf-af93-802fcaf5ccff", "embedding": null, "metadata": {"file_path": "/content/data/README.md", "file_name": "README.md", "file_type": "text/markdown", "file_size": 11481, "creation_date": "2024-07-06", "last_modified_date": "2024-07-06"}, "excluded_embed_metadata_keys": ["file_name", "file_type", "file_size", "creation_date", "last_modified_date", "last_accessed_date"], "excluded_llm_metadata_keys": ["file_name", "file_type", "file_size", "creation_date", "last_modified_date", "last_accessed_date"], "relationships": {"1": {"node_id": "79d2ba5d-8610-41bf-b741-29d783342e71", "node_type": "4", "metadata": {"file_path": "/content/data/README.md", "file_name": "README.md", "file_type": "text/markdown", "file_size": 11481, "creation_date": "2024-07-06", "last_modified_date": "2024-07-06"}, "hash": "296663bc0c80a6f1ab367e85c513cebec25d8e6e217622b460416a5b9ea9db47", "class_name": "RelatedNodeInfo"}}, "text": "Pizza Ordering System Backend Endpoints", "mimetype": "text/plain", "start_char_idx": 2, "end_char_idx": 41, "text_template": "{metadata_str}\n\n{content}", "metadata_template": "{key}: {value}", "metadata_seperator": "\n"}, "__type__": "1"}, "6c1452ca-8d44-4630-8c07-94f0cfdbb1a2": {"__data__": {"id_": "6c1452ca-8d44-4630-8c07-94f0cfdbb1a2", "embedding": null, "metadata": {"file_path": "/content/data/README.md", "file_name": "README.md", "file_type": "text/markdown", "file_size": 11481, "creation_date": "2024-07-06", "last_modified_date": "2024-07-06"}, "excluded_embed_metadata_keys": ["file_name", "file_type", "file_size", "creation_date", "last_modified_date", "last_accessed_date"], "excluded_llm_metadata_keys": ["file_name", "file_type", "file_size", "creation_date", "last_modified_date", "last_accessed_date"], "relationships": {"1": {"node_id": "5810b4ec-d3c0-4d09-9563-a2f573c1af3e", "node_type": "4", "metadata": {"file_path": "/content/data/README.md", "file_name": "README.md", "file_type": "text/markdown", "file_size": 11481, "creation_date": "2024-07-06", "last_modified_date": "2024-07-06"}, "hash": "d962c7f27d3f50220cc6cbb03344552c19a9d33bc6f2343a5d28299454602232", "class_name": "RelatedNodeInfo"}}, "text": "Overview\n\nThis backend serves as the core for the Pizza Ordering System, handling operations such as user authentication, menu management, order processing, and order tracking. The backend is built with Node.js , Prisma, and Express, utilizing JWT for authentication and bcrypt for password hashing.", "mimetype": "text/plain", "start_char_idx": 2, "end_char_idx": 301, "text_template": "{metadata_str}\n\n{content}", "metadata_template": "{key}: {value}", "metadata_seperator": "\n", "class_name": "TextNode"}, "__type__": "1"}, "9076377a-f487-47aa-8358-c2d997e02097": {"__data__": {"id_": "9076377a-f487-47aa-8358-c2d997e02097", "embedding": null, "metadata": {"file_path": "/content/data/README.md", "file_name": "README.md", "file_type": "text/markdown", "file_size": 11481, "creation_date": "2024-07-06", "last_modified_date": "2024-07-06"}, "excluded_embed_metadata_keys": ["file_name", "file_type", "file_size", "creation_date", "last_modified_date", "last_accessed_date"], "excluded_llm_metadata_keys": ["file_name", "file_type", "file_size", "creation_date", "last_modified_date", "last_accessed_date"], "relationships": {"1": {"node_id": "b8006404-4998-48d1-87a1-c2e9f5e7786f", "node_type": "4", "metadata": {"file_path": "/content/data/README.md", "file_name": "README.md", "file_type": "text/markdown", "file_size": 11481, "creation_date": "2024-07-06", "last_modified_date": "2024-07-06"}, "hash": "9838d90fa47514a17462ff7c0d799c6c4170b1bd82f47f9bc0ba171bf7b6c95b", "class_name": "RelatedNodeInfo"}}, "text": "Table of Contents\n\n- Installation\n- Environment Variables\n- API Endpoints\n  - Auth Endpoints\n  - Order Endpoints\n  - Pizza Endpoints\n- Response Structure\n- Error Handling\n- License", "mimetype": "text/plain", "start_char_idx": 2, "end_char_idx": 182, "text_template": "{metadata_str}\n\n{content}", "metadata_template": "{key}: {value}", "metadata_seperator": "\n", "class_name": "TextNode"}, "__type__": "1"}, "86219246-4de8-4aa6-9bf8-dd3d42995500": {"__data__": {"id_": "86219246-4de8-4aa6-9bf8-dd3d42995500", "embedding": null, "metadata": {"file_path": "/content/data/README.md", "file_name": "README.md", "file_type": "text/markdown", "file_size": 11481, "creation_date": "2024-07-06", "last_modified_date": "2024-07-06"}, "excluded_embed_metadata_keys": ["file_name", "file_type", "file_size", "creation_date", "last_modified_date", "last_accessed_date"], "excluded_llm_metadata_keys": ["file_name", "file_type", "file_size", "creation_date", "last_modified_date", "last_accessed_date"], "relationships": {"1": {"node_id": "b10a4d11-ba8e-4c5a-8daf-1fa43857e9e5", "node_type": "4", "metadata": {"file_path": "/content/data/README.md", "file_name": "README.md", "file_type": "text/markdown", "file_size": 11481, "creation_date": "2024-07-06", "last_modified_date": "2024-07-06"}, "hash": "23396101dd8045ca407be765677f359731da601a280b25b840ebeab98d4039d4", "class_name": "RelatedNodeInfo"}}, "text": "Installation\n\nTo setup the backend server, follow these steps:\n\n1. Clone the repository\n  ```\n      git clone https://github.com/venkhatesh/Nutrional-Pizza-Order-App.git\n      cd Nutrional-Pizza-Order-App\n  ```\n\n2. Install the required dependencies\n  ```\n      npm install\n  ```\n\n3. Run the server\n  ```\n      npm start\n  ```", "mimetype": "text/plain", "start_char_idx": 2, "end_char_idx": 327, "text_template": "{metadata_str}\n\n{content}", "metadata_template": "{key}: {value}", "metadata_seperator": "\n", "class_name": "TextNode"}, "__type__": "1"}, "0806e9e2-6fb1-4847-a9b5-62fbbf5ea2bc": {"__data__": {"id_": "0806e9e2-6fb1-4847-a9b5-62fbbf5ea2bc", "embedding": null, "metadata": {"file_path": "/content/data/README.md", "file_name": "README.md", "file_type": "text/markdown", "file_size": 11481, "creation_date": "2024-07-06", "last_modified_date": "2024-07-06"}, "excluded_embed_metadata_keys": ["file_name", "file_type", "file_size", "creation_date", "last_modified_date", "last_accessed_date"], "excluded_llm_metadata_keys": ["file_name", "file_type", "file_size", "creation_date", "last_modified_date", "last_accessed_date"], "relationships": {"1": {"node_id": "0e16b80a-d36f-4032-afb7-6e14aa5752ed", "node_type": "4", "metadata": {"file_path": "/content/data/README.md", "file_name": "README.md", "file_type": "text/markdown", "file_size": 11481, "creation_date": "2024-07-06", "last_modified_date": "2024-07-06"}, "hash": "9349d46c4e765a337053d812e5869eca2b7cf633b174aa6e6d2f9b61f8656d17", "class_name": "RelatedNodeInfo"}}, "text": "Environment Variables\n\ncreate a `.env` file in the root directory and add the following environment variables:\n```\n  JWT_SECRET=your_secret\n```", "mimetype": "text/plain", "start_char_idx": 2, "end_char_idx": 145, "text_template": "{metadata_str}\n\n{content}", "metadata_template": "{key}: {value}", "metadata_seperator": "\n", "class_name": "TextNode"}, "__type__": "1"}, "51cd205f-5ee1-403f-af8a-a52ce2f7cf52": {"__data__": {"id_": "51cd205f-5ee1-403f-af8a-a52ce2f7cf52", "embedding": null, "metadata": {"file_path": "/content/data/README.md", "file_name": "README.md", "file_type": "text/markdown", "file_size": 11481, "creation_date": "2024-07-06", "last_modified_date": "2024-07-06"}, "excluded_embed_metadata_keys": ["file_name", "file_type", "file_size", "creation_date", "last_modified_date", "last_accessed_date"], "excluded_llm_metadata_keys": ["file_name", "file_type", "file_size", "creation_date", "last_modified_date", "last_accessed_date"], "relationships": {"1": {"node_id": "f31ac4d2-926a-452c-a65e-3ae7ed97db2d", "node_type": "4", "metadata": {"file_path": "/content/data/README.md", "file_name": "README.md", "file_type": "text/markdown", "file_size": 11481, "creation_date": "2024-07-06", "last_modified_date": "2024-07-06"}, "hash": "6996422ed4a7d7710affe3fad97616678c7891ba86cd39a052c13b11e22e1b5f", "class_name": "RelatedNodeInfo"}, "3": {"node_id": "f19af7df-8163-4a0a-9f37-0902792388f1", "node_type": "1", "metadata": {}, "hash": "cc6282ecd1bf2d980d59a8895b1c18d9814a69daf0def281cfe2a5862c44490f", "class_name": "RelatedNodeInfo"}}, "text": "API Endpoints\n\n1. Auth Endpoints\n  - Register\n    - Endpoint: `/api/auth/register`\n    - Method: `POST`\n    - Description: Register a new user.\n    - Parameters:\n      - `name` (string): name of the user\n      - `email` (string): Email of the user\n      - `password` (string): password of the user.\n    - Example Request:\n       ```\n         {\n          \"name\": \"John Doe\",\n          \"email\": \"john.doe@example.com\",\n          \"password\": \"password123\"\n         }\n       ```\n    - Example Response:\n        ```\n          {\n            \"message\": \"User registered successfully\"\n          }\n        ```\n  - Login\n    - Endpoint: `/api/auth/login`\n    - Method: `POST`\n    - Description: Login an exisiting user.\n    - Parameters:\n      - `email` (string): email of the user\n      - `password` (string): Password of the user.\n    - Example Request:\n       ```\n        {\n          \"email\": \"john.doe@example.com\",\n          \"password\": \"password123\"\n        }\n       ```\n    - Example Response:\n       ```\n        {\n          \"token\": \"jwt_token\",\n          \"userId\": 1\n        }\n       ```\n\n2. Order Endpoints\n  - Create Order\n    - Endpoint: `/api/orders/create`\n    - Method: `POST`\n    - Description: Create a new pizza order\n    - Parameters:\n      - `userId` (integer): ID of the user placing the order.\n      - `pizzas` (array of integers): list of pizza IDS ordered\n    - Example Request:\n      ```\n      {\n        \"userId\": 1,\n        \"pizzas\": [1, 2, 3]\n      }\n      ``` \n    - Example Response:\n      ```\n      {\n          \"message\": \"Order created successfully\",\n          \"order\": {\n            \"id\": 101,\n            \"userId\": 1,\n            \"pizzas\": [\n              {\n                \"pizzaId\": 1,\n                \"pizza\": {\n                  \"id\": 1,\n                  \"name\": \"Margherita\",\n                  \"toppings\": [\n                    {\n                      \"toppingId\": 1,\n                      \"topping\": {\n                        \"id\": 1,\n                        \"name\": \"Cheese\"\n                      }\n                    },\n                    {\n                      \"toppingId\": 2,\n                      \"topping\": {\n                        \"id\": 2,\n                        \"name\": \"Tomato\"\n                      }\n                    }\n                  ]\n                }\n              },\n              {\n                \"pizzaId\": 2,\n                \"pizza\": {\n                  \"id\": 2,\n                  \"name\": \"Pepperoni\",\n                  \"toppings\": [\n                    {\n                      \"toppingId\": 3,\n                      \"topping\": {\n                        \"id\": 3,\n                        \"name\": \"Pepperoni\"\n                      }\n                    }\n                  ]\n                }\n              }\n            ],\n            \"user\": {\n              \"id\": 1,\n              \"name\": \"John Doe\",\n              \"email\": \"john.doe@example.com\"\n            }\n          }\n        }      \n      ```\n      - Notes:\n        - The `userId` is validated to ensure the user exists\n        - The `pizzas` array is validated to ensure all pizza IDs exist\n       \n  - Get User Orders\n    - Endpoint: `/api/orders/my-orders/:userId`\n    - Method: `GET`\n    - Description: Retrieve orders for the authenticated user.", "mimetype": "text/plain", "start_char_idx": 2, "end_char_idx": 3267, "text_template": "{metadata_str}\n\n{content}", "metadata_template": "{key}: {value}", "metadata_seperator": "\n"}, "__type__": "1"}, "f19af7df-8163-4a0a-9f37-0902792388f1": {"__data__": {"id_": "f19af7df-8163-4a0a-9f37-0902792388f1", "embedding": null, "metadata": {"file_path": "/content/data/README.md", "file_name": "README.md", "file_type": "text/markdown", "file_size": 11481, "creation_date": "2024-07-06", "last_modified_date": "2024-07-06"}, "excluded_embed_metadata_keys": ["file_name", "file_type", "file_size", "creation_date", "last_modified_date", "last_accessed_date"], "excluded_llm_metadata_keys": ["file_name", "file_type", "file_size", "creation_date", "last_modified_date", "last_accessed_date"], "relationships": {"1": {"node_id": "f31ac4d2-926a-452c-a65e-3ae7ed97db2d", "node_type": "4", "metadata": {"file_path": "/content/data/README.md", "file_name": "README.md", "file_type": "text/markdown", "file_size": 11481, "creation_date": "2024-07-06", "last_modified_date": "2024-07-06"}, "hash": "6996422ed4a7d7710affe3fad97616678c7891ba86cd39a052c13b11e22e1b5f", "class_name": "RelatedNodeInfo"}, "2": {"node_id": "51cd205f-5ee1-403f-af8a-a52ce2f7cf52", "node_type": "1", "metadata": {"file_path": "/content/data/README.md", "file_name": "README.md", "file_type": "text/markdown", "file_size": 11481, "creation_date": "2024-07-06", "last_modified_date": "2024-07-06"}, "hash": "06355c80d3cc7cd862a1902b30eee46b83a15208d1e1f6435a527c901c6974ec", "class_name": "RelatedNodeInfo"}, "3": {"node_id": "389b100b-bce2-4a13-afa7-2fe824c5a11f", "node_type": "1", "metadata": {}, "hash": "7b6ee90ab9ee69c678a1bd18b4e9c23f62e346b67e0e0aadc8104ff002214284", "class_name": "RelatedNodeInfo"}}, "text": "- Headers:\n      - `Authorization`: Bearer ``\n    - Example Request:\n       ```\n       GET /api/orders/:userId\n       Authorization: Bearer jwt_token\n       ```\n    - Example Response:\n        ```\n          [\n              {\n                \"id\": 101,\n                \"userId\": 1,\n                \"pizzas\": [\n                  {\n                    \"pizzaId\": 1,\n                    \"pizza\": {\n                      \"id\": 1,\n                      \"name\": \"Margherita\",\n                      \"toppings\": [\n                        {\n                          \"toppingId\": 1,\n                          \"topping\": {\n                            \"id\": 1,\n                            \"name\": \"Cheese\"\n                          }\n                        },\n                        {\n                          \"toppingId\": 2,\n                          \"topping\": {\n                            \"id\": 2,\n                            \"name\": \"Tomato\"\n                          }\n                        }\n                      ]\n                    }\n                  },\n                  {\n                    \"pizzaId\": 2,\n                    \"pizza\": {\n                      \"id\": 2,\n                      \"name\": \"Pepperoni\",\n                      \"toppings\": [\n                        {\n                          \"toppingId\": 3,\n                          \"topping\": {\n                            \"id\": 3,\n                            \"name\": \"Pepperoni\"\n                          }\n                        }\n                      ]\n                    }\n                  }\n                ],\n                \"user\": {\n                  \"id\": 1,\n                  \"name\": \"John Doe\",\n                  \"email\": \"john.doe@example.com\"\n                }\n              }\n            ]        \n        ```\n        - Notes:\n          - The `userId` is retrieved from the JWT token\n          - The response includes all orders placed by the authenticated user, with detailed information about each pizza and its toppings, as well as the user who placed the order.   \n         \n3. Pizza Endpoints\n  - Add Pizza\n    - Endpoint: `/api/pizzas/add`\n    - Method: `POST`\n    - Description: Add a new pizza with specified toppings\n    - Parameters:\n      - `name` (string): Name of the pizza\n      - `toppings` (array of integers): List of topping IDS to be added to the pizza\n    - Example Request:\n        ```\n        {\n          \"name\": \"Hawaiian\",\n          \"toppings\": [1, 2, 3]\n        }\n\n        ```\n    - Example Response:\n        ```\n        {\n          \"message\": \"Pizza added successfully\",\n          \"pizza\": {\n            \"id\": 1,\n            \"name\": \"Hawaiian\",\n            \"toppings\": [\n              {\n                \"toppingId\": 1,\n                \"topping\": {\n                  \"id\": 1,\n                  \"name\": \"Pineapple\"\n                }\n              },\n              {\n                \"toppingId\": 2,\n                \"topping\": {\n                  \"id\": 2,\n                  \"name\": \"Ham\"\n                }\n              },\n              {\n                \"toppingId\": 3,\n                \"topping\": {\n                  \"id\": 3,\n                  \"name\": \"Cheese\"\n                }\n              }\n            ]\n          }\n        }\n        ```\n        - Notes:\n          - The `toppings` array is validated to ensure all topping IDs exist.\n          - If any validation fails, appropriate error messages are returned\n             \n  - Get All Pizzas\n    - Endpoint: `/api/pizzas/`\n    - Method: `GET`\n    - Description: Retrieve all pizzas with their respective toppings\n    - Example Request:\n        ```\n        GET /api/pizzas/\n        ```\n    - Example Response:\n        ```\n        [\n            {\n              \"id\": 1,\n              \"name\": \"Hawaiian\",\n              \"toppings\": [\n                {\n                  \"toppingId\": 1,\n                  \"topping\": {\n                    \"id\": 1,\n                    \"name\": \"Pineapple\"\n                  }\n                },\n                {\n                  \"toppingId\": 2,\n                  \"topping\": {\n                    \"id\": 2,\n                    \"name\": \"Ham\"\n                  }\n                },\n                {\n                  \"toppingId\": 3,\n                  \"topping\": {\n                    \"id\": 3,\n                    \"name\": \"Cheese\"\n                  }\n                }\n              ]\n            },\n            {\n              \"id\": 2,\n              \"name\": \"Margherita\",\n              \"toppings\": [\n                {\n                  \"toppingId\": 1,\n                  \"topping\": {\n                    \"id\": 1,\n                    \"name\": \"Cheese\"\n                  }\n                },\n                {\n                  \"toppingId\": 4,\n                  \"topping\": {\n                    \"id\": 4,\n                    \"name\": \"Tomato\"\n                  }\n                }\n              ]\n            }\n          ]\n        ```\n        - Notes:\n          - The response includes all pizzas, with detailed information about each pizza and its toppings.", "mimetype": "text/plain", "start_char_idx": 3272, "end_char_idx": 8313, "text_template": "{metadata_str}\n\n{content}", "metadata_template": "{key}: {value}", "metadata_seperator": "\n"}, "__type__": "1"}, "389b100b-bce2-4a13-afa7-2fe824c5a11f": {"__data__": {"id_": "389b100b-bce2-4a13-afa7-2fe824c5a11f", "embedding": null, "metadata": {"file_path": "/content/data/README.md", "file_name": "README.md", "file_type": "text/markdown", "file_size": 11481, "creation_date": "2024-07-06", "last_modified_date": "2024-07-06"}, "excluded_embed_metadata_keys": ["file_name", "file_type", "file_size", "creation_date", "last_modified_date", "last_accessed_date"], "excluded_llm_metadata_keys": ["file_name", "file_type", "file_size", "creation_date", "last_modified_date", "last_accessed_date"], "relationships": {"1": {"node_id": "f31ac4d2-926a-452c-a65e-3ae7ed97db2d", "node_type": "4", "metadata": {"file_path": "/content/data/README.md", "file_name": "README.md", "file_type": "text/markdown", "file_size": 11481, "creation_date": "2024-07-06", "last_modified_date": "2024-07-06"}, "hash": "6996422ed4a7d7710affe3fad97616678c7891ba86cd39a052c13b11e22e1b5f", "class_name": "RelatedNodeInfo"}, "2": {"node_id": "f19af7df-8163-4a0a-9f37-0902792388f1", "node_type": "1", "metadata": {"file_path": "/content/data/README.md", "file_name": "README.md", "file_type": "text/markdown", "file_size": 11481, "creation_date": "2024-07-06", "last_modified_date": "2024-07-06"}, "hash": "7d56d89a8585fc81363432e8d29b785b4f198cab352a8bde075750b1bd584cda", "class_name": "RelatedNodeInfo"}}, "text": "- Get Pizza By ID\n    - Endpoint: `/api/pizzas/:id`\n    - Method: `GET`\n    - Description: Retrieve a specific pizza by its IDs\n    - Parameters:\n      - `id` (integer): ID of the pizza\n    - Example Request:\n        ```\n        GET /api/pizzas/1\n        ``` \n    - Example Response:\n        ```\n        {\n          \"id\": 1,\n          \"name\": \"Hawaiian\",\n          \"toppings\": [\n            {\n              \"toppingId\": 1,\n              \"topping\": {\n                \"id\": 1,\n                \"name\": \"Pineapple\"\n              }\n            },\n            {\n              \"toppingId\": 2,\n              \"topping\": {\n                \"id\": 2,\n                \"name\": \"Ham\"\n              }\n            },\n            {\n              \"toppingId\": 3,\n              \"topping\": {\n                \"id\": 3,\n                \"name\": \"Cheese\"\n              }\n            }\n          ]\n        }\n        ```  \n        - Notes:\n          - The response includes the specified pizza with detailed information about its toppings\n          - If the pizza is not found, an appropriate error messages is returned\n         \n  \n4. Toppings Endpoint\n  - Add Topping\n    - Endpoint: `/api/toppings/add`\n    - Method: `POST`\n    - Description: Add a new topping\n    - Parameters:\n      - `name` (string): Name of the topping\n    - Example Request:\n      ```\n      {\n        \"name\": \"Olives\"\n      }\n      ``` \n    - Example Response:\n      ```\n      {\n        \"message\": \"Topping added successfully\",\n        \"topping\": {\n          \"id\": 1,\n          \"name\": \"Olives\"\n        }\n      }\n      ```\n  - Get All Toppings\n    - Endpoint: `/api/toppings/`\n    - Method: `GET`\n    - Description: Retrieve all toppings\n    - Example Request:\n        ```\n        GET /api/toppings\n        ```\n    - Example Response:\n        ```\n        [\n          {\n            \"id\": 1,\n            \"name\": \"Olives\"\n          },\n          {\n            \"id\": 2,\n            \"name\": \"Mushrooms\"\n          },\n          {\n            \"id\": 3,\n            \"name\": \"Pepperoni\"\n          }\n        ]\n        ```\n        - Note:\n          - The response includes a list of all available toppings", "mimetype": "text/plain", "start_char_idx": 8317, "end_char_idx": 10454, "text_template": "{metadata_str}\n\n{content}", "metadata_template": "{key}: {value}", "metadata_seperator": "\n"}, "__type__": "1"}}, "docstore/ref_doc_info": {"79d2ba5d-8610-41bf-b741-29d783342e71": {"node_ids": ["4bc6d21a-55ed-4ddf-af93-802fcaf5ccff"], "metadata": {"file_path": "/content/data/README.md", "file_name": "README.md", "file_type": "text/markdown", "file_size": 11481, "creation_date": "2024-07-06", "last_modified_date": "2024-07-06"}}, "5810b4ec-d3c0-4d09-9563-a2f573c1af3e": {"node_ids": ["6c1452ca-8d44-4630-8c07-94f0cfdbb1a2"], "metadata": {"file_path": "/content/data/README.md", "file_name": "README.md", "file_type": "text/markdown", "file_size": 11481, "creation_date": "2024-07-06", "last_modified_date": "2024-07-06"}}, "b8006404-4998-48d1-87a1-c2e9f5e7786f": {"node_ids": ["9076377a-f487-47aa-8358-c2d997e02097"], "metadata": {"file_path": "/content/data/README.md", "file_name": "README.md", "file_type": "text/markdown", "file_size": 11481, "creation_date": "2024-07-06", "last_modified_date": "2024-07-06"}}, "b10a4d11-ba8e-4c5a-8daf-1fa43857e9e5": {"node_ids": ["86219246-4de8-4aa6-9bf8-dd3d42995500"], "metadata": {"file_path": "/content/data/README.md", "file_name": "README.md", "file_type": "text/markdown", "file_size": 11481, "creation_date": "2024-07-06", "last_modified_date": "2024-07-06"}}, "0e16b80a-d36f-4032-afb7-6e14aa5752ed": {"node_ids": ["0806e9e2-6fb1-4847-a9b5-62fbbf5ea2bc"], "metadata": {"file_path": "/content/data/README.md", "file_name": "README.md", "file_type": "text/markdown", "file_size": 11481, "creation_date": "2024-07-06", "last_modified_date": "2024-07-06"}}, "f31ac4d2-926a-452c-a65e-3ae7ed97db2d": {"node_ids": ["51cd205f-5ee1-403f-af8a-a52ce2f7cf52", "f19af7df-8163-4a0a-9f37-0902792388f1", "389b100b-bce2-4a13-afa7-2fe824c5a11f"], "metadata": {"file_path": "/content/data/README.md", "file_name": "README.md", "file_type": "text/markdown", "file_size": 11481, "creation_date": "2024-07-06", "last_modified_date": "2024-07-06"}}}}